{
  "students": [
    {
      "id": 1,
      "firstName": "Alice",
      "lastName": "Johnson",
      "email": "alice@example.com",
      "phone": "5551234567",
      "gender": "female",
      "city": "Chicago",
      "branch": "Computer",
      "acceptTerms": true
    },
    {
      "id": 2,
      "firstName": "Bob",
      "lastName": "Smith",
      "email": "bob@example.com",
      "phone": "555876543",
      "gender": "male",
      "city": "San Francisco",
      "branch": "IT",
      "acceptTerms": true
    },
    {
      "id": 3,
      "firstName": "Charlie",
      "lastName": "Brown",
      "email": "charlie@example.com",
      "phone": "555555555",
      "gender": "male",
      "city": "Houston",
      "branch": "Computer",
      "acceptTerms": true
    },
    {
      "id": 4,
      "firstName": "as",
      "lastName": "ass",
      "email": "as",
      "phone": "asa",
      "gender": "male",
      "city": "asa",
      "acceptTerms": true
    },
    {
      "id": 5,
      "firstName": "swati",
      "lastName": "zagade",
      "email": "swati@gmail.com",
      "phone": "32423",
      "gender": "female",
      "city": "dfd",
      "acceptTerms": true
    },
    {
      "id": 6,
      "firstName": "sad",
      "lastName": "sad",
      "email": "sd3@gmail.com",
      "phone": "2345454354",
      "gender": "female",
      "city": "wewr",
      "acceptTerms": true
    }
  ]
}